Id,Name,Email,Salary
f7BEHJn4,,luzhaslett@yahoo.com,11000.0
HYJtQ1az,Alejandro Badon,alejandrobadon@gmail.com,4000.0
uxggF92N,Anthony Lupo,anthonylupo@yahoo.com,9000.0
7j48F6bG,Anthony Pecora,anthonypecora@mail.ru,13000.0
5v9oqLeq,Arden Fleishman,ardenfleishman@yandex.ru,5000.0
VhWoA69e,Arden Mischke,ardenmischke@yahoo.com,14000.0
TqCgnSpf,Arden Noren,ardennoren@yandex.ru,12000.0
6HW2vkWw,Arden Redner,ardenredner@yahoo.com,13000.0
Z6WR0Uvu,Augustine Mongold,augustinemongold@yahoo.com,13000.0
Ulz8tKc7,Blythe Badon,blythebadon@rambler.ru,7000.0
JyVauC6D,Blythe Fleishman,blythefleishman@yandex.ru,8000.0
78ek3vJt,Bong Badon,bongbadon@yandex.ru,6000.0
6dBoa0EX,Bong Badon,bongbadon@rambler.ru,10000.0
ePHfXxB3,Bong Mongold,bongmongold@hotmail.com,7000.0
EdPBMsWJ,Buffy Byron,buffybyron@ya.ru,10000.0
DYJxcGKo,Buffy Culton,buffyculton@hotmail.com,13000.0
GbII5naY,Buffy Howe,buffyhowe@ya.ru,7000.0
IVFOGkj1,Buffy Michaud,buffymichaud@mail.ru,15000.0
eTGwe0or,Buffy Michaud,buffymichaud@rambler.ru,6000.0
bZCbnAyF,Buffy Roberie,"buffyroberie@ya,ru",13000.0
oT2vA6W1,Buffy Serna,buffyserna@yahoo.com,8000.0
kIazyRts,Camellia Block,camelliablock@mail.ru,6000.0
yfhaV0BB,Camellia Culton,camelliaculton@ya.ru,11000.0
y5jewSow,Christeen Mcnaught,christeenmcnaught@yahoo.com,14000.0
ikWnow5g,Christeen Serna,christeenserna@yandex.ru,5000.0
FoVxkuqf,Christeen Serna,christeenserna@yandex.ru,14000.0
4rtXduVl,Clora Buresh,cloraburesh@mail.ru,13000.0
l5SOKTrw,Clora Center,cloracenter@ya.ru,13000.0
CVUztLhn,Clora Kazmierczak,clorakazmierczak@gmail.com,13000.0
3t8cR4tm,Clora Mayoral,cloramayoral@ya.ru,12000.0
tYBjQkTP,Diego Drews,diegodrews@yahoo.com,9000.0
TRavKgPE,Dion Klemp,dionklemp@yahoo.com,14000.0
53LsuzAL,Dion Motsinger,dionmotsinger@yahoo.com,4000.0
FqLIHFEO,Dion Schildgen,dionschildgen@hotmail.com,11000.0
0sjL1Ieb,Dion Wiers,dionwiers@hotmail.com,13000.0
ksFw8CAF,Elida Badon,elidabadon@gmail.com,4000.0
c4PO6SyI,Elida Pecora,elidapecora@hotmail.com,14000.0
Fm8DeRDz,Elroy Latson,elroylatson@hotmail.com,11000.0
6dPra1cD,Erasmo Michaud,erasmomichaud@yahoo.com,14000.0
hhzsbG4C,Erasmo Motsinger,erasmomotsinger@yandex.ru,11000.0
PU1QuWgA,Erasmo Roberie,erasmoroberie@yahoo.com,15000.0
bptc6Tk2,Gaylene Mischke,gaylenemischke@yahoo.com,7000.0
nx2zPRuF,Gaylene Serna,gayleneserna@yahoo.com,15000.0
xqDyKJS2,Georgianna Damron,georgiannadamron@rambler.ru,4000.0
oVdN7yb1,Jeanice Pingree,jeanicepingree@hotmail.com,6000.0
bpJigdBM,Joan Geddes,joangeddes@gmail.com,4000.0
ANTIKffO,Joan Paris,joanparis@yahoo.com,6000.0
7xZK6ex8,Johnathon Catt,johnathoncatt@yahoo.com,12000.0
dVN83aY8,Laine Howe,lainehowe@yahoo.com,7000.0
RPk59f3Y,Larisa Schroeder,larisaschroeder@ymail.ru,6000.0
vG7A0KiD,Leigha Damron,leighadamron@ya.ru,7000.0
O7gr0F90,Leigha Haslett,leighahaslett@yahoo.com,15000.0
5EYJ8mwe,Lloyd Buresh,lloydburesh@yahoo.com,10000.0
9PY2aQR7,Lloyd Fleishman,lloydfleishman@ya.ru,5000.0
LEJwBqUL,Lloyd Mcnaught,lloydmcnaught@yahoo.com,7000.0
9pKJWbqC,Lloyd Mote,lloydmote@yahoo.com,5000.0
uIQxmoTZ,Lloyd Pingree,lloydpingree@gmail.com,10000.0
eJxmn73h,Luz Drews,luzdrews@yahoo.com,9000.0
C7sKlakH,Luz Fetzer,luzfetzer@yandex.ru,13000.0
KtEqlF4a,Luz Haslett,luzhaslett@mail.ru,13000.0
6EPHstjG,Margarete Block,margareteblock@yandex.ru,11000.0
UHMpdfUz,Margarete Redner,margareteredner@ya.ru,6000.0
lyKCOzRz,Margarett Klemp,margarettklemp@rambler.ru,4000.0
i0J348sN,Margarett Roberie,margarettroberie@gmail.com,9000.0
fkFB7aRV,Michele Geddes,michelegeddes@ymail.ru,5000.0
z8k4xl9e,Michele Grumbles,michelegrumbles@rambler.ru,14000.0
xYWoP2SU,Michele Redner,micheleredner@gmail.com,8000.0
yNlXcUas,Nancie Damron,nanciedamron@yahoo.com,9000.0
UUOHTTXt,Nancie Lanz,nancielanz@hotmail.com,10000.0
fbgcNs9W,Nancie Lupo,nancielupo@hotmail.com,6000.0
FlHb23H8,Nancie Mayoral,nanciemayoral@mail.ru,8000.0
SElYJsSM,Nancie Schewe,nancieschewe@ya.ru,11000.0
8UbIqG0l,Qiana Block,qianablock@rambler.ru,10000.0
tEqVsxmf,Qiana Grumbles,qianagrumbles@hotmail.com,5000.0
W3zUFO9u,Qiana Mote,qianamote@yandex.ru,5000.0
u4D8FhUi,Raleigh Lupo,raleighlupo@yahoo.com,8000.0
fDaBSi5K,Randy Buresh,randyburesh@rambler.ru,9000.0
UFFG986F,Randy Stoval,randystoval@mail.ru,14000.0
EghWWNtr,Rebecka Culton,rebeckaculton@yahoo.com,5000.0
77FVG4k5,Rebecka Lanz,rebeckalanz@yahoo.com,10000.0
y8HqpxSU,Rebecka Ramage,rebeckaramage@rambler.ru,9000.0
TQHehIFW,Rebecka Schildgen,rebeckaschildgen@hotmail.com,8000.0
UztTcpzR,Rebecka Stoval,rebeckastoval@ymail.ru,15000.0
8Sgb3Gr9,Rubi Menjivar,rubimenjivar@yahoo.com,11000.0
AmCyxhwx,Samatha Fleishman,samathafleishman@rambler.ru,6000.0
077HKRhZ,Stephania Block,stephaniablock@yahoo.com,13000.0
q1c89uva,Stephania Mischke,stephaniamischke@rambler.ru,14000.0
6chMCi13,Stephania Roberie,stephaniaroberie@gmail.com,14000.0
Mj1pgxgl,Stephania Wiers,stephaniawiers@ya.ru,7000.0
Zgaj75NG,Tama Fetzer,tamafetzer@yandex.ru,6000.0
hljO6f0o,Tama Pecora,tamapecora@rambler.ru,12000.0
jWe2PhKs,Tama Pingree,tamapingree@yahoo.com,12000.0
h76ydh7p,Tama Wiers,tamawiers@rambler.ru,9000.0
6WapH7GJ,Tama Wiers,tamawiers@yahoo.com,9000.0
owoPGNom,Tami Kucera,tamikucera@ya.ru,9000.0
htMj9APH,Thomas Paris,thomasparis@hotmail.com,15000.0
uCqTBsDJ,Thomas Wiers,thomaswiers@mail.ru,11000.0
v6fpaXFc,Tomi Grisby,tomigrisby@yandex.ru,14000.0
24IQITLt,Tomi Grumbles,tomigrumbles@rambler.ru,9000.0
8LX6kFWc,Tomi Lanz,tomilanz@mail.ru,10000.0
VQPAD5q6,Tyisha Mcnaught,tyishamcnaught@gmail.com,14000.0
scAPxZSk,Yuri Center,yuricenter@ya.ru,13000.0
bDWYon8O,Zonia Latson,zonialatson@ymail.ru,4000.0
